product_id,name,category,brand,price,description,in_stock,base_rating,created_date
1,Huawei SE 2023,Смартфоны,Huawei,149367.71,Высокопроизводительный смартфон с отличной камерой и быстрой зарядкой. Huawei - это гарантия качества и надежности.,True,4.16,2025-04-06
2,Huawei Plus 2023,Смартфоны,Huawei,49123.49,Мощный процессор и долгая работа от батареи. Huawei - это гарантия качества и надежности.,True,3.53,2024-10-27
3,Huawei Plus 2024,Смартфоны,Huawei,115704.25,Высокопроизводительный смартфон с отличной камерой и быстрой зарядкой. Huawei - это гарантия качества и надежности.,True,3.51,2025-07-23
4,Samsung Ultra 2024,Смартфоны,Samsung,80442.5,Высокопроизводительный смартфон с отличной камерой и быстрой зарядкой. Samsung - это гарантия качества и надежности.,True,4.35,2025-02-07
5,Samsung Plus 2024,Смартфоны,Samsung,128610.94,Высокопроизводительный смартфон с отличной камерой и быстрой зарядкой. Samsung - это гарантия качества и надежности.,True,4.29,2025-06-21
6,Xiaomi Pro 2024,Смартфоны,Xiaomi,37741.21,Мощный процессор и долгая работа от батареи. Xiaomi - это гарантия качества и надежности.,True,4.38,2025-07-03
7,Huawei Ultra 2023,Смартфоны,Huawei,44250.78,Высокопроизводительный смартфон с отличной камерой и быстрой зарядкой. Huawei - это гарантия качества и надежности.,False,4.19,2025-02-05
8,Apple Mini 2023,Смартфоны,Apple,67733.48,Современный дизайн и передовые технологии в одном устройстве. Apple - это гарантия качества и надежности.,True,4.28,2025-08-26
9,Huawei Max 2023,Смартфоны,Huawei,65577.03,Высокопроизводительный смартфон с отличной камерой и быстрой зарядкой. Huawei - это гарантия качества и надежности.,True,3.52,2025-09-05
10,Apple Ultra 2023,Смартфоны,Apple,106794.54,Высокопроизводительный смартфон с отличной камерой и быстрой зарядкой. Apple - это гарантия качества и надежности.,True,4.65,2024-10-14
11,Samsung Mini 2023,Смартфоны,Samsung,20941.69,Мощный процессор и долгая работа от батареи. Samsung - это гарантия качества и надежности.,True,3.93,2024-12-06
12,Samsung SE 2023,Смартфоны,Samsung,141134.19,Современный дизайн и передовые технологии в одном устройстве. Samsung - это гарантия качества и надежности.,False,3.66,2025-06-02
13,Apple Ultra 2024,Смартфоны,Apple,38438.91,Современный дизайн и передовые технологии в одном устройстве. Apple - это гарантия качества и надежности.,True,3.52,2025-06-03
14,Huawei Max 2023,Смартфоны,Huawei,103824.83,Современный дизайн и передовые технологии в одном устройстве. Huawei - это гарантия качества и надежности.,True,3.98,2025-08-16
15,Samsung Plus 2024,Смартфоны,Samsung,118618.59,Современный дизайн и передовые технологии в одном устройстве. Samsung - это гарантия качества и надежности.,False,3.63,2024-12-19
16,OnePlus Max 2024,Смартфоны,OnePlus,144469.69,Мощный процессор и долгая работа от батареи. OnePlus - это гарантия качества и надежности.,True,4.32,2025-03-05
17,Samsung Ultra 2023,Смартфоны,Samsung,100772.72,Мощный процессор и долгая работа от батареи. Samsung - это гарантия качества и надежности.,True,4.61,2025-01-16
18,Apple Ultra 2023,Смартфоны,Apple,97152.0,Мощный процессор и долгая работа от батареи. Apple - это гарантия качества и надежности.,True,4.16,2025-05-23
19,OnePlus SE 2023,Смартфоны,OnePlus,46401.8,Мощный процессор и долгая работа от батареи. OnePlus - это гарантия качества и надежности.,True,3.66,2025-05-21
20,Huawei Max 2023,Смартфоны,Huawei,23089.61,Современный дизайн и передовые технологии в одном устройстве. Huawei - это гарантия качества и надежности.,True,3.76,2025-03-11
21,Samsung Mini 2023,Смартфоны,Samsung,47138.64,Мощный процессор и долгая работа от батареи. Samsung - это гарантия качества и надежности.,True,4.73,2025-04-04
22,Samsung Ultra 2024,Смартфоны,Samsung,101886.28,Высокопроизводительный смартфон с отличной камерой и быстрой зарядкой. Samsung - это гарантия качества и надежности.,True,4.77,2024-10-23
23,Xiaomi Pro 2023,Смартфоны,Xiaomi,129336.2,Современный дизайн и передовые технологии в одном устройстве. Xiaomi - это гарантия качества и надежности.,True,3.77,2025-08-23
24,Samsung Mini 2023,Смартфоны,Samsung,97088.53,Современный дизайн и передовые технологии в одном устройстве. Samsung - это гарантия качества и надежности.,True,3.74,2024-11-01
25,Apple Pro 2024,Смартфоны,Apple,24447.96,Высокопроизводительный смартфон с отличной камерой и быстрой зарядкой. Apple - это гарантия качества и надежности.,True,4.79,2025-06-07
26,Samsung Pro 2023,Смартфоны,Samsung,95005.14,Высокопроизводительный смартфон с отличной камерой и быстрой зарядкой. Samsung - это гарантия качества и надежности.,True,3.6,2025-01-23
27,Xiaomi Max 2023,Смартфоны,Xiaomi,48064.87,Высокопроизводительный смартфон с отличной камерой и быстрой зарядкой. Xiaomi - это гарантия качества и надежности.,True,3.89,2024-11-28
28,Huawei Mini 2023,Смартфоны,Huawei,51701.21,Современный дизайн и передовые технологии в одном устройстве. Huawei - это гарантия качества и надежности.,True,4.76,2025-02-28
29,Huawei Max 2024,Смартфоны,Huawei,74585.77,Мощный процессор и долгая работа от батареи. Huawei - это гарантия качества и надежности.,True,4.06,2025-07-02
30,Huawei Pro 2024,Смартфоны,Huawei,72698.63,Высокопроизводительный смартфон с отличной камерой и быстрой зарядкой. Huawei - это гарантия качества и надежности.,True,4.7,2024-11-19
31,OnePlus Max 2023,Смартфоны,OnePlus,49734.38,Современный дизайн и передовые технологии в одном устройстве. OnePlus - это гарантия качества и надежности.,True,3.87,2024-12-06
32,OnePlus Plus 2023,Смартфоны,OnePlus,59986.61,Мощный процессор и долгая работа от батареи. OnePlus - это гарантия качества и надежности.,True,3.7,2025-06-14
33,Apple Pro 2024,Смартфоны,Apple,81346.25,Современный дизайн и передовые технологии в одном устройстве. Apple - это гарантия качества и надежности.,False,4.76,2025-03-12
34,Huawei Plus 2024,Смартфоны,Huawei,101541.58,Мощный процессор и долгая работа от батареи. Huawei - это гарантия качества и надежности.,True,4.65,2025-07-18
35,Huawei SE 2023,Смартфоны,Huawei,41220.81,Современный дизайн и передовые технологии в одном устройстве. Huawei - это гарантия качества и надежности.,False,4.5,2025-03-25
36,OnePlus Mini 2024,Смартфоны,OnePlus,100722.27,Современный дизайн и передовые технологии в одном устройстве. OnePlus - это гарантия качества и надежности.,True,4.35,2025-02-14
37,Samsung Max 2024,Смартфоны,Samsung,19658.52,Современный дизайн и передовые технологии в одном устройстве. Samsung - это гарантия качества и надежности.,True,4.38,2024-09-27
38,Samsung Ultra 2024,Смартфоны,Samsung,142475.8,Высокопроизводительный смартфон с отличной камерой и быстрой зарядкой. Samsung - это гарантия качества и надежности.,True,4.28,2024-10-15
39,Samsung Pro 2023,Смартфоны,Samsung,119081.25,Мощный процессор и долгая работа от батареи. Samsung - это гарантия качества и надежности.,True,4.0,2024-09-23
40,OnePlus Pro 2023,Смартфоны,OnePlus,133260.83,Высокопроизводительный смартфон с отличной камерой и быстрой зарядкой. OnePlus - это гарантия качества и надежности.,True,3.83,2025-04-18
41,OnePlus SE 2024,Смартфоны,OnePlus,94120.77,Мощный процессор и долгая работа от батареи. OnePlus - это гарантия качества и надежности.,True,4.64,2025-08-05
42,Apple Mini 2024,Смартфоны,Apple,124920.78,Современный дизайн и передовые технологии в одном устройстве. Apple - это гарантия качества и надежности.,True,4.71,2025-02-28
43,Xiaomi Pro 2023,Смартфоны,Xiaomi,125212.57,Высокопроизводительный смартфон с отличной камерой и быстрой зарядкой. Xiaomi - это гарантия качества и надежности.,True,4.51,2025-02-18
44,OnePlus Plus 2024,Смартфоны,OnePlus,113960.7,Высокопроизводительный смартфон с отличной камерой и быстрой зарядкой. OnePlus - это гарантия качества и надежности.,True,3.74,2025-07-13
45,Samsung Plus 2023,Смартфоны,Samsung,82852.86,Высокопроизводительный смартфон с отличной камерой и быстрой зарядкой. Samsung - это гарантия качества и надежности.,True,4.56,2025-06-16
46,Samsung Pro 2023,Смартфоны,Samsung,124239.11,Высокопроизводительный смартфон с отличной камерой и быстрой зарядкой. Samsung - это гарантия качества и надежности.,True,4.67,2025-02-22
47,Huawei Mini 2023,Смартфоны,Huawei,132228.87,Высокопроизводительный смартфон с отличной камерой и быстрой зарядкой. Huawei - это гарантия качества и надежности.,True,3.61,2025-07-18
48,Xiaomi Pro 2024,Смартфоны,Xiaomi,19005.0,Высокопроизводительный смартфон с отличной камерой и быстрой зарядкой. Xiaomi - это гарантия качества и надежности.,True,4.37,2025-07-30
49,Apple Pro 2024,Смартфоны,Apple,116492.82,Высокопроизводительный смартфон с отличной камерой и быстрой зарядкой. Apple - это гарантия качества и надежности.,True,4.53,2025-08-29
50,Apple Max 2023,Смартфоны,Apple,65714.88,Мощный процессор и долгая работа от батареи. Apple - это гарантия качества и надежности.,False,4.49,2025-01-14
51,Huawei Ultra 2024,Смартфоны,Huawei,60434.28,Мощный процессор и долгая работа от батареи. Huawei - это гарантия качества и надежности.,False,4.8,2025-05-20
52,Xiaomi Mini 2024,Смартфоны,Xiaomi,66088.82,Высокопроизводительный смартфон с отличной камерой и быстрой зарядкой. Xiaomi - это гарантия качества и надежности.,False,4.64,2025-07-30
53,Apple Plus 2024,Смартфоны,Apple,112904.73,Высокопроизводительный смартфон с отличной камерой и быстрой зарядкой. Apple - это гарантия качества и надежности.,True,3.66,2024-12-22
54,Xiaomi Mini 2023,Смартфоны,Xiaomi,64738.04,Мощный процессор и долгая работа от батареи. Xiaomi - это гарантия качества и надежности.,True,4.63,2024-12-30
55,Huawei Mini 2023,Смартфоны,Huawei,15422.43,Мощный процессор и долгая работа от батареи. Huawei - это гарантия качества и надежности.,False,4.56,2025-09-11
56,Xiaomi Pro 2024,Смартфоны,Xiaomi,106520.47,Высокопроизводительный смартфон с отличной камерой и быстрой зарядкой. Xiaomi - это гарантия качества и надежности.,True,4.02,2024-11-10
57,Apple Ultra 2024,Смартфоны,Apple,141776.44,Современный дизайн и передовые технологии в одном устройстве. Apple - это гарантия качества и надежности.,False,4.61,2025-07-30
58,Huawei Ultra 2023,Смартфоны,Huawei,111112.17,Мощный процессор и долгая работа от батареи. Huawei - это гарантия качества и надежности.,False,4.52,2025-01-04
59,Apple Max 2024,Смартфоны,Apple,122570.8,Современный дизайн и передовые технологии в одном устройстве. Apple - это гарантия качества и надежности.,True,4.8,2025-01-23
60,Samsung Plus 2023,Смартфоны,Samsung,80092.75,Мощный процессор и долгая работа от батареи. Samsung - это гарантия качества и надежности.,True,3.78,2024-10-17
61,Apple Pro 2024,Смартфоны,Apple,149103.8,Высокопроизводительный смартфон с отличной камерой и быстрой зарядкой. Apple - это гарантия качества и надежности.,True,4.71,2025-03-07
62,Xiaomi Max 2024,Смартфоны,Xiaomi,104900.91,Мощный процессор и долгая работа от батареи. Xiaomi - это гарантия качества и надежности.,True,3.68,2024-12-20
63,Huawei Pro 2024,Смартфоны,Huawei,132711.98,Мощный процессор и долгая работа от батареи. Huawei - это гарантия качества и надежности.,True,4.28,2024-10-25
64,Xiaomi Plus 2024,Смартфоны,Xiaomi,103279.15,Мощный процессор и долгая работа от батареи. Xiaomi - это гарантия качества и надежности.,False,4.07,2025-05-23
65,Samsung Ultra 2023,Смартфоны,Samsung,54281.83,Высокопроизводительный смартфон с отличной камерой и быстрой зарядкой. Samsung - это гарантия качества и надежности.,True,4.46,2025-06-15
66,Apple SE 2024,Смартфоны,Apple,32201.36,Современный дизайн и передовые технологии в одном устройстве. Apple - это гарантия качества и надежности.,False,4.25,2025-09-19
67,Xiaomi Pro 2023,Смартфоны,Xiaomi,129361.01,Современный дизайн и передовые технологии в одном устройстве. Xiaomi - это гарантия качества и надежности.,True,3.97,2024-10-07
68,Samsung SE 2023,Смартфоны,Samsung,29389.1,Высокопроизводительный смартфон с отличной камерой и быстрой зарядкой. Samsung - это гарантия качества и надежности.,True,4.1,2025-07-07
69,Xiaomi Max 2024,Смартфоны,Xiaomi,106797.42,Высокопроизводительный смартфон с отличной камерой и быстрой зарядкой. Xiaomi - это гарантия качества и надежности.,True,3.69,2024-10-14
70,Apple SE 2024,Смартфоны,Apple,56700.34,Мощный процессор и долгая работа от батареи. Apple - это гарантия качества и надежности.,True,4.8,2024-09-23
71,OnePlus Plus 2023,Смартфоны,OnePlus,81828.45,Мощный процессор и долгая работа от батареи. OnePlus - это гарантия качества и надежности.,False,3.58,2025-04-02
72,Samsung Mini 2023,Смартфоны,Samsung,129489.44,Высокопроизводительный смартфон с отличной камерой и быстрой зарядкой. Samsung - это гарантия качества и надежности.,True,3.57,2025-06-20
73,Huawei Mini 2024,Смартфоны,Huawei,55378.74,Мощный процессор и долгая работа от батареи. Huawei - это гарантия качества и надежности.,False,3.71,2025-09-08
74,OnePlus Plus 2024,Смартфоны,OnePlus,72029.06,Современный дизайн и передовые технологии в одном устройстве. OnePlus - это гарантия качества и надежности.,False,4.49,2025-03-03
75,Apple SE 2024,Смартфоны,Apple,53119.15,Высокопроизводительный смартфон с отличной камерой и быстрой зарядкой. Apple - это гарантия качества и надежности.,True,4.21,2025-08-01
76,Samsung Ultra 2023,Смартфоны,Samsung,129724.31,Мощный процессор и долгая работа от батареи. Samsung - это гарантия качества и надежности.,True,4.35,2024-11-28
77,Samsung Plus 2024,Смартфоны,Samsung,54296.01,Высокопроизводительный смартфон с отличной камерой и быстрой зарядкой. Samsung - это гарантия качества и надежности.,True,4.55,2025-06-11
78,Apple Ultra 2023,Смартфоны,Apple,106572.9,Высокопроизводительный смартфон с отличной камерой и быстрой зарядкой. Apple - это гарантия качества и надежности.,True,4.78,2024-10-07
79,Samsung Pro 2023,Смартфоны,Samsung,63003.82,Современный дизайн и передовые технологии в одном устройстве. Samsung - это гарантия качества и надежности.,True,3.57,2024-12-30
80,Xiaomi SE 2024,Смартфоны,Xiaomi,145913.14,Мощный процессор и долгая работа от батареи. Xiaomi - это гарантия качества и надежности.,True,3.82,2025-07-21
81,Samsung Plus 2024,Смартфоны,Samsung,55863.1,Мощный процессор и долгая работа от батареи. Samsung - это гарантия качества и надежности.,False,4.35,2025-03-11
82,Apple Plus 2024,Смартфоны,Apple,52154.17,Мощный процессор и долгая работа от батареи. Apple - это гарантия качества и надежности.,True,3.52,2025-07-22
83,Apple Pro 2024,Смартфоны,Apple,101590.26,Мощный процессор и долгая работа от батареи. Apple - это гарантия качества и надежности.,True,4.26,2024-11-30
84,Huawei Ultra 2023,Смартфоны,Huawei,122236.4,Высокопроизводительный смартфон с отличной камерой и быстрой зарядкой. Huawei - это гарантия качества и надежности.,True,4.8,2024-09-25
85,Huawei Ultra 2023,Смартфоны,Huawei,28424.57,Высокопроизводительный смартфон с отличной камерой и быстрой зарядкой. Huawei - это гарантия качества и надежности.,True,4.62,2024-12-18
86,Samsung Plus 2023,Смартфоны,Samsung,68162.53,Мощный процессор и долгая работа от батареи. Samsung - это гарантия качества и надежности.,True,4.19,2025-08-18
87,OnePlus SE 2023,Смартфоны,OnePlus,116723.61,Высокопроизводительный смартфон с отличной камерой и быстрой зарядкой. OnePlus - это гарантия качества и надежности.,False,4.67,2025-06-19
88,OnePlus Mini 2023,Смартфоны,OnePlus,15718.74,Современный дизайн и передовые технологии в одном устройстве. OnePlus - это гарантия качества и надежности.,True,3.66,2025-07-16
89,OnePlus Max 2023,Смартфоны,OnePlus,26855.83,Современный дизайн и передовые технологии в одном устройстве. OnePlus - это гарантия качества и надежности.,False,3.55,2025-07-18
90,OnePlus Ultra 2024,Смартфоны,OnePlus,145447.28,Высокопроизводительный смартфон с отличной камерой и быстрой зарядкой. OnePlus - это гарантия качества и надежности.,True,4.73,2025-09-19
91,Samsung Ultra 2023,Смартфоны,Samsung,142738.97,Мощный процессор и долгая работа от батареи. Samsung - это гарантия качества и надежности.,False,3.88,2024-12-20
92,Huawei Max 2024,Смартфоны,Huawei,108838.7,Мощный процессор и долгая работа от батареи. Huawei - это гарантия качества и надежности.,False,4.8,2024-11-13
93,OnePlus SE 2023,Смартфоны,OnePlus,107870.59,Мощный процессор и долгая работа от батареи. OnePlus - это гарантия качества и надежности.,True,3.81,2025-06-15
94,Samsung Ultra 2023,Смартфоны,Samsung,144252.1,Мощный процессор и долгая работа от батареи. Samsung - это гарантия качества и надежности.,True,4.27,2025-04-30
95,Samsung Mini 2024,Смартфоны,Samsung,25038.55,Современный дизайн и передовые технологии в одном устройстве. Samsung - это гарантия качества и надежности.,True,4.34,2025-06-28
96,Huawei Plus 2023,Смартфоны,Huawei,142539.97,Мощный процессор и долгая работа от батареи. Huawei - это гарантия качества и надежности.,True,4.4,2024-12-19
97,Samsung Pro 2024,Смартфоны,Samsung,149373.5,Мощный процессор и долгая работа от батареи. Samsung - это гарантия качества и надежности.,True,4.43,2024-12-05
98,OnePlus SE 2023,Смартфоны,OnePlus,71657.67,Высокопроизводительный смартфон с отличной камерой и быстрой зарядкой. OnePlus - это гарантия качества и надежности.,True,4.52,2025-03-09
99,Apple SE 2023,Смартфоны,Apple,25465.82,Высокопроизводительный смартфон с отличной камерой и быстрой зарядкой. Apple - это гарантия качества и надежности.,True,4.39,2025-02-23
100,Apple Ultra 2023,Смартфоны,Apple,63980.63,Современный дизайн и передовые технологии в одном устройстве. Apple - это гарантия качества и надежности.,True,3.69,2025-05-27
101,Xiaomi Pro 2023,Смартфоны,Xiaomi,65916.06,Высокопроизводительный смартфон с отличной камерой и быстрой зарядкой. Xiaomi - это гарантия качества и надежности.,True,3.64,2025-07-18
102,Samsung SE 2024,Смартфоны,Samsung,94491.65,Современный дизайн и передовые технологии в одном устройстве. Samsung - это гарантия качества и надежности.,True,3.95,2024-12-01
103,Xiaomi SE 2024,Смартфоны,Xiaomi,97008.04,Высокопроизводительный смартфон с отличной камерой и быстрой зарядкой. Xiaomi - это гарантия качества и надежности.,True,4.73,2025-03-04
104,Samsung Ultra 2024,Смартфоны,Samsung,79376.35,Высокопроизводительный смартфон с отличной камерой и быстрой зарядкой. Samsung - это гарантия качества и надежности.,True,4.39,2025-07-02
105,Samsung Max 2024,Смартфоны,Samsung,91620.7,Современный дизайн и передовые технологии в одном устройстве. Samsung - это гарантия качества и надежности.,True,4.44,2025-03-14
106,Samsung Mini 2024,Смартфоны,Samsung,110416.21,Высокопроизводительный смартфон с отличной камерой и быстрой зарядкой. Samsung - это гарантия качества и надежности.,True,3.96,2025-01-23
107,OnePlus Ultra 2024,Смартфоны,OnePlus,143603.2,Мощный процессор и долгая работа от батареи. OnePlus - это гарантия качества и надежности.,False,4.65,2025-05-25
108,Xiaomi Mini 2023,Смартфоны,Xiaomi,142906.38,Современный дизайн и передовые технологии в одном устройстве. Xiaomi - это гарантия качества и надежности.,True,4.6,2024-10-30
109,Apple Pro 2023,Смартфоны,Apple,142557.04,Высокопроизводительный смартфон с отличной камерой и быстрой зарядкой. Apple - это гарантия качества и надежности.,True,3.61,2025-04-26
110,OnePlus Plus 2023,Смартфоны,OnePlus,144892.45,Современный дизайн и передовые технологии в одном устройстве. OnePlus - это гарантия качества и надежности.,True,4.71,2025-07-12
111,Huawei Plus 2023,Смартфоны,Huawei,69738.65,Мощный процессор и долгая работа от батареи. Huawei - это гарантия качества и надежности.,True,4.58,2025-09-16
112,Huawei Mini 2024,Смартфоны,Huawei,47970.54,Мощный процессор и долгая работа от батареи. Huawei - это гарантия качества и надежности.,True,4.7,2024-12-23
113,OnePlus Pro 2024,Смартфоны,OnePlus,145227.4,Мощный процессор и долгая работа от батареи. OnePlus - это гарантия качества и надежности.,False,4.49,2025-05-27
114,Samsung Pro 2024,Смартфоны,Samsung,128320.21,Мощный процессор и долгая работа от батареи. Samsung - это гарантия качества и надежности.,True,3.57,2025-01-09
115,Huawei Max 2024,Смартфоны,Huawei,145913.33,Современный дизайн и передовые технологии в одном устройстве. Huawei - это гарантия качества и надежности.,False,3.82,2024-12-17
116,Apple Ultra 2024,Смартфоны,Apple,80221.83,Современный дизайн и передовые технологии в одном устройстве. Apple - это гарантия качества и надежности.,True,4.46,2024-12-02
117,Huawei Max 2024,Смартфоны,Huawei,140429.72,Мощный процессор и долгая работа от батареи. Huawei - это гарантия качества и надежности.,True,4.66,2025-01-25
118,OnePlus Plus 2023,Смартфоны,OnePlus,63025.45,Мощный процессор и долгая работа от батареи. OnePlus - это гарантия качества и надежности.,True,3.89,2025-07-27
119,Apple Ultra 2023,Смартфоны,Apple,69279.19,Высокопроизводительный смартфон с отличной камерой и быстрой зарядкой. Apple - это гарантия качества и надежности.,True,4.14,2025-08-07
120,OnePlus SE 2023,Смартфоны,OnePlus,70447.07,Современный дизайн и передовые технологии в одном устройстве. OnePlus - это гарантия качества и надежности.,True,4.5,2025-05-14
121,Samsung Plus 2024,Смартфоны,Samsung,65531.78,Современный дизайн и передовые технологии в одном устройстве. Samsung - это гарантия качества и надежности.,True,3.74,2025-05-05
122,Apple Plus 2024,Смартфоны,Apple,36847.63,Современный дизайн и передовые технологии в одном устройстве. Apple - это гарантия качества и надежности.,True,3.51,2024-09-21
123,Samsung Pro 2023,Смартфоны,Samsung,53461.47,Высокопроизводительный смартфон с отличной камерой и быстрой зарядкой. Samsung - это гарантия качества и надежности.,True,4.47,2025-09-03
124,Samsung Mini 2023,Смартфоны,Samsung,143030.74,Мощный процессор и долгая работа от батареи. Samsung - это гарантия качества и надежности.,False,3.65,2025-01-12
125,OnePlus Plus 2023,Смартфоны,OnePlus,58859.84,Современный дизайн и передовые технологии в одном устройстве. OnePlus - это гарантия качества и надежности.,True,4.7,2025-03-04
126,"ASUS MacBook Pro 13""",Ноутбуки,ASUS,244032.5,Профессиональный ноутбук для работы и творчества. ASUS - это гарантия качества и надежности.,True,4.15,2024-10-04
127,"ASUS MacBook Pro 15""",Ноутбуки,ASUS,146009.56,Отличное качество экрана и удобная клавиатура. ASUS - это гарантия качества и надежности.,True,4.06,2025-04-24
128,"Lenovo ThinkPad 13""",Ноутбуки,Lenovo,235442.97,Профессиональный ноутбук для работы и творчества. Lenovo - это гарантия качества и надежности.,True,4.45,2025-06-16
129,"ASUS ZenBook 13""",Ноутбуки,ASUS,263325.04,Отличное качество экрана и удобная клавиатура. ASUS - это гарантия качества и надежности.,True,4.57,2025-06-10
130,"HP Inspiron 13""",Ноутбуки,HP,219309.14,Отличное качество экрана и удобная клавиатура. HP - это гарантия качества и надежности.,True,3.75,2024-11-21
131,"ASUS MacBook Air 13""",Ноутбуки,ASUS,65719.87,Профессиональный ноутбук для работы и творчества. ASUS - это гарантия качества и надежности.,True,3.75,2025-07-07
132,"HP MacBook Pro 14""",Ноутбуки,HP,54552.57,Профессиональный ноутбук для работы и творчества. HP - это гарантия качества и надежности.,True,4.18,2024-09-26
133,"ASUS MacBook Air 15""",Ноутбуки,ASUS,145040.48,Профессиональный ноутбук для работы и творчества. ASUS - это гарантия качества и надежности.,True,4.34,2025-04-17
134,"Apple ZenBook 15""",Ноутбуки,Apple,105750.1,Высокая производительность и портативность. Apple - это гарантия качества и надежности.,True,3.82,2025-08-26
135,"ASUS MacBook Pro 13""",Ноутбуки,ASUS,44075.27,Отличное качество экрана и удобная клавиатура. ASUS - это гарантия качества и надежности.,True,3.87,2025-04-29
136,"Dell MacBook Pro 16""",Ноутбуки,Dell,79906.8,Высокая производительность и портативность. Dell - это гарантия качества и надежности.,True,3.9,2025-08-01
137,"Apple Inspiron 14""",Ноутбуки,Apple,119427.17,Отличное качество экрана и удобная клавиатура. Apple - это гарантия качества и надежности.,True,4.47,2024-11-22
138,"Dell Pavilion 15""",Ноутбуки,Dell,94328.1,Высокая производительность и портативность. Dell - это гарантия качества и надежности.,True,4.0,2025-07-27
139,"ASUS Inspiron 13""",Ноутбуки,ASUS,41080.51,Отличное качество экрана и удобная клавиатура. ASUS - это гарантия качества и надежности.,True,3.75,2025-02-03
140,"Apple MacBook Pro 15""",Ноутбуки,Apple,111398.63,Высокая производительность и портативность. Apple - это гарантия качества и надежности.,False,3.76,2025-07-03
141,"Apple MacBook Air 14""",Ноутбуки,Apple,142917.39,Отличное качество экрана и удобная клавиатура. Apple - это гарантия качества и надежности.,True,4.64,2024-12-07
142,"Lenovo ZenBook 16""",Ноутбуки,Lenovo,200063.45,Профессиональный ноутбук для работы и творчества. Lenovo - это гарантия качества и надежности.,False,3.59,2025-02-17
143,"Dell Pavilion 13""",Ноутбуки,Dell,75072.48,Высокая производительность и портативность. Dell - это гарантия качества и надежности.,True,3.67,2025-08-27
144,"Dell MacBook Pro 14""",Ноутбуки,Dell,229993.1,Высокая производительность и портативность. Dell - это гарантия качества и надежности.,True,4.19,2024-12-31
145,"Apple MacBook Air 16""",Ноутбуки,Apple,232696.5,Высокая производительность и портативность. Apple - это гарантия качества и надежности.,True,4.01,2024-11-13
146,"Lenovo MacBook Air 14""",Ноутбуки,Lenovo,30972.15,Отличное качество экрана и удобная клавиатура. Lenovo - это гарантия качества и надежности.,True,4.41,2024-12-31
147,"HP Pavilion 15""",Ноутбуки,HP,111920.75,Профессиональный ноутбук для работы и творчества. HP - это гарантия качества и надежности.,True,3.85,2025-07-21
148,"ASUS MacBook Air 13""",Ноутбуки,ASUS,174062.76,Высокая производительность и портативность. ASUS - это гарантия качества и надежности.,True,3.69,2025-04-30
149,"ASUS ZenBook 13""",Ноутбуки,ASUS,203451.54,Профессиональный ноутбук для работы и творчества. ASUS - это гарантия качества и надежности.,False,3.77,2025-07-22
150,"Apple Inspiron 15""",Ноутбуки,Apple,200824.38,Высокая производительность и портативность. Apple - это гарантия качества и надежности.,True,4.73,2024-12-12
151,"Lenovo Inspiron 14""",Ноутбуки,Lenovo,140252.58,Отличное качество экрана и удобная клавиатура. Lenovo - это гарантия качества и надежности.,True,4.78,2024-11-03
152,"Apple ZenBook 14""",Ноутбуки,Apple,227228.7,Высокая производительность и портативность. Apple - это гарантия качества и надежности.,True,4.76,2024-12-18
153,"Dell MacBook Pro 16""",Ноутбуки,Dell,285327.2,Высокая производительность и портативность. Dell - это гарантия качества и надежности.,False,4.32,2024-12-11
154,"ASUS ThinkPad 14""",Ноутбуки,ASUS,117551.02,Профессиональный ноутбук для работы и творчества. ASUS - это гарантия качества и надежности.,True,4.55,2025-03-01
155,"ASUS ThinkPad 14""",Ноутбуки,ASUS,227049.21,Высокая производительность и портативность. ASUS - это гарантия качества и надежности.,True,4.67,2025-08-03
156,"HP MacBook Air 16""",Ноутбуки,HP,79957.57,Профессиональный ноутбук для работы и творчества. HP - это гарантия качества и надежности.,True,4.14,2025-06-19
157,"Lenovo MacBook Pro 15""",Ноутбуки,Lenovo,73988.04,Профессиональный ноутбук для работы и творчества. Lenovo - это гарантия качества и надежности.,True,4.39,2025-06-15
158,"Apple MacBook Air 13""",Ноутбуки,Apple,145126.66,Высокая производительность и портативность. Apple - это гарантия качества и надежности.,False,4.76,2025-07-30
159,"Dell MacBook Air 13""",Ноутбуки,Dell,192889.25,Высокая производительность и портативность. Dell - это гарантия качества и надежности.,True,3.64,2025-09-13
160,"Apple MacBook Air 14""",Ноутбуки,Apple,237931.76,Высокая производительность и портативность. Apple - это гарантия качества и надежности.,True,4.32,2025-09-13
161,"Apple MacBook Pro 15""",Ноутбуки,Apple,260234.46,Профессиональный ноутбук для работы и творчества. Apple - это гарантия качества и надежности.,True,4.12,2024-12-05
162,"HP MacBook Air 15""",Ноутбуки,HP,119574.21,Профессиональный ноутбук для работы и творчества. HP - это гарантия качества и надежности.,True,4.21,2025-05-06
163,"Dell MacBook Pro 13""",Ноутбуки,Dell,252729.72,Профессиональный ноутбук для работы и творчества. Dell - это гарантия качества и надежности.,True,3.63,2025-02-19
164,"ASUS MacBook Pro 14""",Ноутбуки,ASUS,36480.23,Высокая производительность и портативность. ASUS - это гарантия качества и надежности.,True,3.96,2025-04-26
165,"ASUS Inspiron 16""",Ноутбуки,ASUS,215426.9,Отличное качество экрана и удобная клавиатура. ASUS - это гарантия качества и надежности.,True,3.65,2025-06-25
166,"Apple MacBook Air 13""",Ноутбуки,Apple,288245.95,Высокая производительность и портативность. Apple - это гарантия качества и надежности.,True,4.3,2025-07-21
167,"Lenovo MacBook Pro 13""",Ноутбуки,Lenovo,193216.72,Профессиональный ноутбук для работы и творчества. Lenovo - это гарантия качества и надежности.,True,3.94,2025-06-19
168,"HP MacBook Air 15""",Ноутбуки,HP,198684.73,Высокая производительность и портативность. HP - это гарантия качества и надежности.,True,3.64,2025-01-07
169,"Lenovo ZenBook 13""",Ноутбуки,Lenovo,242991.15,Профессиональный ноутбук для работы и творчества. Lenovo - это гарантия качества и надежности.,True,3.69,2025-07-06
170,"HP ThinkPad 16""",Ноутбуки,HP,249955.44,Профессиональный ноутбук для работы и творчества. HP - это гарантия качества и надежности.,True,4.75,2025-04-30
171,"ASUS MacBook Pro 15""",Ноутбуки,ASUS,298588.35,Профессиональный ноутбук для работы и творчества. ASUS - это гарантия качества и надежности.,True,3.96,2025-01-09
172,"HP ThinkPad 16""",Ноутбуки,HP,192470.64,Отличное качество экрана и удобная клавиатура. HP - это гарантия качества и надежности.,True,4.54,2024-10-20
173,"ASUS ThinkPad 16""",Ноутбуки,ASUS,178321.6,Отличное качество экрана и удобная клавиатура. ASUS - это гарантия качества и надежности.,True,4.19,2025-05-25
174,"HP MacBook Pro 16""",Ноутбуки,HP,172275.41,Отличное качество экрана и удобная клавиатура. HP - это гарантия качества и надежности.,True,3.79,2025-08-06
175,"ASUS ZenBook 13""",Ноутбуки,ASUS,84885.51,Профессиональный ноутбук для работы и творчества. ASUS - это гарантия качества и надежности.,True,4.12,2025-07-13
176,"Apple MacBook Pro 15""",Ноутбуки,Apple,127431.8,Профессиональный ноутбук для работы и творчества. Apple - это гарантия качества и надежности.,True,3.69,2024-12-11
177,"HP MacBook Air 14""",Ноутбуки,HP,253511.89,Профессиональный ноутбук для работы и творчества. HP - это гарантия качества и надежности.,True,3.65,2024-09-28
178,"ASUS ThinkPad 13""",Ноутбуки,ASUS,217953.08,Высокая производительность и портативность. ASUS - это гарантия качества и надежности.,True,4.41,2024-10-15
179,"Dell MacBook Pro 16""",Ноутбуки,Dell,256108.04,Профессиональный ноутбук для работы и творчества. Dell - это гарантия качества и надежности.,True,3.97,2025-08-10
180,"ASUS MacBook Pro 13""",Ноутбуки,ASUS,183679.45,Высокая производительность и портативность. ASUS - это гарантия качества и надежности.,True,3.74,2025-07-10
181,"Dell Inspiron 15""",Ноутбуки,Dell,156949.82,Отличное качество экрана и удобная клавиатура. Dell - это гарантия качества и надежности.,True,4.52,2024-09-29
182,"Apple ZenBook 13""",Ноутбуки,Apple,72089.58,Отличное качество экрана и удобная клавиатура. Apple - это гарантия качества и надежности.,True,4.48,2025-01-05
183,"ASUS MacBook Pro 16""",Ноутбуки,ASUS,254823.63,Отличное качество экрана и удобная клавиатура. ASUS - это гарантия качества и надежности.,False,4.09,2024-09-20
184,"Lenovo Pavilion 15""",Ноутбуки,Lenovo,221525.26,Высокая производительность и портативность. Lenovo - это гарантия качества и надежности.,False,3.85,2025-08-03
185,"Dell ThinkPad 14""",Ноутбуки,Dell,230646.38,Высокая производительность и портативность. Dell - это гарантия качества и надежности.,True,3.78,2025-06-17
186,"Dell Pavilion 13""",Ноутбуки,Dell,250470.89,Высокая производительность и портативность. Dell - это гарантия качества и надежности.,True,4.35,2025-02-24
187,"HP MacBook Air 13""",Ноутбуки,HP,246901.6,Отличное качество экрана и удобная клавиатура. HP - это гарантия качества и надежности.,True,3.85,2025-07-28
188,"Apple ZenBook 15""",Ноутбуки,Apple,37573.19,Высокая производительность и портативность. Apple - это гарантия качества и надежности.,True,3.64,2025-06-03
189,"Dell MacBook Pro 15""",Ноутбуки,Dell,80690.83,Профессиональный ноутбук для работы и творчества. Dell - это гарантия качества и надежности.,True,3.54,2025-05-05
190,"Apple Pavilion 13""",Ноутбуки,Apple,182209.62,Высокая производительность и портативность. Apple - это гарантия качества и надежности.,True,3.91,2025-04-14
191,"Apple ZenBook 15""",Ноутбуки,Apple,288859.54,Отличное качество экрана и удобная клавиатура. Apple - это гарантия качества и надежности.,True,4.48,2025-03-21
192,"ASUS Inspiron 13""",Ноутбуки,ASUS,119455.91,Отличное качество экрана и удобная клавиатура. ASUS - это гарантия качества и надежности.,True,4.15,2025-07-05
193,"Apple Pavilion 16""",Ноутбуки,Apple,158777.32,Профессиональный ноутбук для работы и творчества. Apple - это гарантия качества и надежности.,True,3.7,2025-01-25
194,"Apple Inspiron 13""",Ноутбуки,Apple,287260.94,Профессиональный ноутбук для работы и творчества. Apple - это гарантия качества и надежности.,False,4.55,2024-10-20
195,"ASUS Inspiron 14""",Ноутбуки,ASUS,298222.49,Отличное качество экрана и удобная клавиатура. ASUS - это гарантия качества и надежности.,True,4.45,2024-10-21
196,"Dell ZenBook 16""",Ноутбуки,Dell,242045.0,Высокая производительность и портативность. Dell - это гарантия качества и надежности.,True,4.31,2025-02-11
197,"Apple Inspiron 16""",Ноутбуки,Apple,94559.87,Отличное качество экрана и удобная клавиатура. Apple - это гарантия качества и надежности.,True,4.75,2024-12-03
198,"HP MacBook Pro 13""",Ноутбуки,HP,68508.08,Высокая производительность и портативность. HP - это гарантия качества и надежности.,True,4.76,2025-08-06
199,"HP MacBook Pro 16""",Ноутбуки,HP,114704.05,Высокая производительность и портативность. HP - это гарантия качества и надежности.,True,3.86,2025-03-17
200,"Lenovo MacBook Pro 13""",Ноутбуки,Lenovo,78380.29,Высокая производительность и портативность. Lenovo - это гарантия качества и надежности.,True,4.12,2025-05-11
201,"HP Inspiron 14""",Ноутбуки,HP,283753.96,Отличное качество экрана и удобная клавиатура. HP - это гарантия качества и надежности.,True,3.97,2025-04-26
202,"HP ThinkPad 14""",Ноутбуки,HP,149023.47,Отличное качество экрана и удобная клавиатура. HP - это гарантия качества и надежности.,True,4.74,2025-03-12
203,"Apple Inspiron 16""",Ноутбуки,Apple,166604.46,Высокая производительность и портативность. Apple - это гарантия качества и надежности.,False,4.79,2025-08-29
204,"Dell Inspiron 13""",Ноутбуки,Dell,230081.49,Профессиональный ноутбук для работы и творчества. Dell - это гарантия качества и надежности.,True,4.23,2025-07-02
205,"Apple ZenBook 16""",Ноутбуки,Apple,72715.57,Высокая производительность и портативность. Apple - это гарантия качества и надежности.,False,3.79,2025-01-26
206,"Apple ZenBook 16""",Ноутбуки,Apple,156491.95,Отличное качество экрана и удобная клавиатура. Apple - это гарантия качества и надежности.,False,4.1,2025-08-07
207,"ASUS Inspiron 13""",Ноутбуки,ASUS,277714.3,Высокая производительность и портативность. ASUS - это гарантия качества и надежности.,True,3.76,2025-04-04
208,"Apple ZenBook 15""",Ноутбуки,Apple,299038.32,Высокая производительность и портативность. Apple - это гарантия качества и надежности.,True,4.46,2025-07-23
209,"Lenovo ThinkPad 13""",Ноутбуки,Lenovo,177171.93,Высокая производительность и портативность. Lenovo - это гарантия качества и надежности.,True,3.78,2024-12-03
210,"Apple Pavilion 16""",Ноутбуки,Apple,46848.07,Высокая производительность и портативность. Apple - это гарантия качества и надежности.,True,4.77,2025-06-02
211,"Apple MacBook Air 13""",Ноутбуки,Apple,287214.15,Отличное качество экрана и удобная клавиатура. Apple - это гарантия качества и надежности.,True,3.83,2025-06-21
212,"Apple MacBook Air 13""",Ноутбуки,Apple,103954.44,Профессиональный ноутбук для работы и творчества. Apple - это гарантия качества и надежности.,True,4.43,2025-02-17
213,"Dell MacBook Air 15""",Ноутбуки,Dell,79701.14,Профессиональный ноутбук для работы и творчества. Dell - это гарантия качества и надежности.,True,4.67,2025-03-28
214,"Lenovo MacBook Air 14""",Ноутбуки,Lenovo,124304.59,Высокая производительность и портативность. Lenovo - это гарантия качества и надежности.,True,4.2,2025-06-29
215,"HP ZenBook 16""",Ноутбуки,HP,252214.24,Отличное качество экрана и удобная клавиатура. HP - это гарантия качества и надежности.,True,4.28,2025-08-11
216,"Dell Pavilion 14""",Ноутбуки,Dell,117407.8,Отличное качество экрана и удобная клавиатура. Dell - это гарантия качества и надежности.,True,4.46,2025-04-10
217,"Apple MacBook Air 16""",Ноутбуки,Apple,282131.24,Высокая производительность и портативность. Apple - это гарантия качества и надежности.,False,3.65,2024-10-09
218,"HP ZenBook 13""",Ноутбуки,HP,296824.42,Профессиональный ноутбук для работы и творчества. HP - это гарантия качества и надежности.,True,4.33,2024-11-27
219,"Apple MacBook Pro 14""",Ноутбуки,Apple,231341.04,Профессиональный ноутбук для работы и творчества. Apple - это гарантия качества и надежности.,True,4.21,2025-06-26
220,"Dell ThinkPad 14""",Ноутбуки,Dell,123983.1,Профессиональный ноутбук для работы и творчества. Dell - это гарантия качества и надежности.,False,4.25,2025-09-12
221,"Lenovo ZenBook 13""",Ноутбуки,Lenovo,111525.01,Высокая производительность и портативность. Lenovo - это гарантия качества и надежности.,True,4.63,2024-09-26
222,"HP Inspiron 16""",Ноутбуки,HP,141794.51,Высокая производительность и портативность. HP - это гарантия качества и надежности.,True,4.21,2024-12-26
223,"Lenovo MacBook Pro 14""",Ноутбуки,Lenovo,153882.36,Высокая производительность и портативность. Lenovo - это гарантия качества и надежности.,True,4.27,2024-12-16
224,"HP ThinkPad 15""",Ноутбуки,HP,258174.73,Отличное качество экрана и удобная клавиатура. HP - это гарантия качества и надежности.,True,4.32,2024-09-25
225,"Dell MacBook Pro 13""",Ноутбуки,Dell,247603.74,Профессиональный ноутбук для работы и творчества. Dell - это гарантия качества и надежности.,True,3.52,2025-02-21
226,"Apple Yoga Tab 12""",Планшеты,Apple,62124.33,"Идеален для чтения, просмотра видео и игр. Apple - это гарантия качества и надежности.",True,4.08,2024-11-26
227,"Apple MatePad 11""",Планшеты,Apple,23254.72,Большой яркий экран и быстрая работа. Apple - это гарантия качества и надежности.,True,3.65,2025-01-22
228,"Apple MatePad 11""",Планшеты,Apple,37731.3,"Идеален для чтения, просмотра видео и игр. Apple - это гарантия качества и надежности.",True,4.46,2025-09-16
229,"Huawei Galaxy Tab 12""",Планшеты,Huawei,28419.52,"Идеален для чтения, просмотра видео и игр. Huawei - это гарантия качества и надежности.",True,4.59,2025-02-19
230,"Samsung iPad 11""",Планшеты,Samsung,10352.57,Универсальный планшет для работы и развлечений. Samsung - это гарантия качества и надежности.,True,3.99,2024-12-28
231,"Huawei MatePad 10""",Планшеты,Huawei,77059.56,Большой яркий экран и быстрая работа. Huawei - это гарантия качества и надежности.,True,4.77,2025-06-13
232,"Lenovo iPad 12""",Планшеты,Lenovo,38895.38,"Идеален для чтения, просмотра видео и игр. Lenovo - это гарантия качества и надежности.",True,4.45,2025-02-25
233,"Huawei Galaxy Tab 11""",Планшеты,Huawei,24629.8,"Идеален для чтения, просмотра видео и игр. Huawei - это гарантия качества и надежности.",True,4.16,2024-10-31
234,"Lenovo MatePad 12""",Планшеты,Lenovo,19451.83,Большой яркий экран и быстрая работа. Lenovo - это гарантия качества и надежности.,True,3.62,2025-02-08
235,"Apple Galaxy Tab 10""",Планшеты,Apple,52503.17,"Идеален для чтения, просмотра видео и игр. Apple - это гарантия качества и надежности.",False,3.6,2025-03-08
236,"Apple Galaxy Tab 11""",Планшеты,Apple,53681.35,Большой яркий экран и быстрая работа. Apple - это гарантия качества и надежности.,True,4.35,2025-05-29
237,"Huawei Galaxy Tab 12""",Планшеты,Huawei,68512.89,"Идеален для чтения, просмотра видео и игр. Huawei - это гарантия качества и надежности.",True,4.52,2025-05-09
238,"Apple MatePad 10""",Планшеты,Apple,75318.26,"Идеален для чтения, просмотра видео и игр. Apple - это гарантия качества и надежности.",True,4.78,2025-07-29
239,"Apple Yoga Tab 12""",Планшеты,Apple,16833.27,Универсальный планшет для работы и развлечений. Apple - это гарантия качества и надежности.,True,4.66,2025-08-03
240,"Apple Yoga Tab 11""",Планшеты,Apple,73715.78,Универсальный планшет для работы и развлечений. Apple - это гарантия качества и надежности.,True,4.14,2025-09-08
241,"Lenovo iPad 11""",Планшеты,Lenovo,77063.64,Универсальный планшет для работы и развлечений. Lenovo - это гарантия качества и надежности.,True,4.05,2025-04-12
242,"Lenovo Galaxy Tab 10""",Планшеты,Lenovo,29510.36,Универсальный планшет для работы и развлечений. Lenovo - это гарантия качества и надежности.,True,4.32,2025-09-03
243,"Apple MatePad 11""",Планшеты,Apple,42841.59,"Идеален для чтения, просмотра видео и игр. Apple - это гарантия качества и надежности.",True,3.51,2024-12-26
244,"Huawei iPad 10""",Планшеты,Huawei,51639.98,"Идеален для чтения, просмотра видео и игр. Huawei - это гарантия качества и надежности.",True,4.17,2025-07-03
245,"Samsung MatePad 10""",Планшеты,Samsung,72697.21,Универсальный планшет для работы и развлечений. Samsung - это гарантия качества и надежности.,True,3.79,2024-09-30
246,"Samsung MatePad 11""",Планшеты,Samsung,42673.39,Универсальный планшет для работы и развлечений. Samsung - это гарантия качества и надежности.,True,4.22,2025-04-22
247,"Lenovo Yoga Tab 11""",Планшеты,Lenovo,44911.27,Большой яркий экран и быстрая работа. Lenovo - это гарантия качества и надежности.,False,3.83,2025-06-10
248,"Huawei Yoga Tab 10""",Планшеты,Huawei,50022.67,"Идеален для чтения, просмотра видео и игр. Huawei - это гарантия качества и надежности.",True,4.53,2025-01-13
249,"Lenovo Yoga Tab 11""",Планшеты,Lenovo,50935.74,Большой яркий экран и быстрая работа. Lenovo - это гарантия качества и надежности.,True,4.31,2024-11-13
250,"Lenovo Yoga Tab 10""",Планшеты,Lenovo,48834.23,Большой яркий экран и быстрая работа. Lenovo - это гарантия качества и надежности.,False,4.57,2025-02-01
251,"Samsung iPad 12""",Планшеты,Samsung,26220.58,Большой яркий экран и быстрая работа. Samsung - это гарантия качества и надежности.,True,4.57,2024-10-24
252,"Huawei Yoga Tab 10""",Планшеты,Huawei,16254.8,Большой яркий экран и быстрая работа. Huawei - это гарантия качества и надежности.,True,3.74,2025-05-17
253,"Apple Galaxy Tab 12""",Планшеты,Apple,34759.54,Универсальный планшет для работы и развлечений. Apple - это гарантия качества и надежности.,True,3.66,2025-04-09
254,"Apple MatePad 10""",Планшеты,Apple,41507.12,Большой яркий экран и быстрая работа. Apple - это гарантия качества и надежности.,False,4.23,2025-03-06
255,"Huawei Galaxy Tab 12""",Планшеты,Huawei,23657.37,"Идеален для чтения, просмотра видео и игр. Huawei - это гарантия качества и надежности.",True,4.29,2024-10-11
256,"Apple Yoga Tab 12""",Планшеты,Apple,62446.49,Большой яркий экран и быстрая работа. Apple - это гарантия качества и надежности.,True,3.76,2025-08-25
257,"Lenovo Yoga Tab 10""",Планшеты,Lenovo,79298.7,Большой яркий экран и быстрая работа. Lenovo - это гарантия качества и надежности.,True,4.09,2024-11-16
258,"Huawei Yoga Tab 10""",Планшеты,Huawei,49501.79,Большой яркий экран и быстрая работа. Huawei - это гарантия качества и надежности.,True,4.52,2024-11-29
259,"Apple Yoga Tab 11""",Планшеты,Apple,17436.18,Большой яркий экран и быстрая работа. Apple - это гарантия качества и надежности.,True,4.19,2024-12-23
260,"Apple MatePad 12""",Планшеты,Apple,9171.61,Большой яркий экран и быстрая работа. Apple - это гарантия качества и надежности.,True,4.54,2025-04-18
261,"Huawei MatePad 11""",Планшеты,Huawei,36824.79,"Идеален для чтения, просмотра видео и игр. Huawei - это гарантия качества и надежности.",True,4.14,2025-08-26
262,"Lenovo MatePad 12""",Планшеты,Lenovo,78845.61,Большой яркий экран и быстрая работа. Lenovo - это гарантия качества и надежности.,True,4.76,2025-07-19
263,"Huawei iPad 10""",Планшеты,Huawei,24129.03,Универсальный планшет для работы и развлечений. Huawei - это гарантия качества и надежности.,True,4.79,2024-10-02
264,"Lenovo Galaxy Tab 10""",Планшеты,Lenovo,14337.2,"Идеален для чтения, просмотра видео и игр. Lenovo - это гарантия качества и надежности.",False,3.98,2024-12-18
265,"Apple iPad 11""",Планшеты,Apple,71598.99,Универсальный планшет для работы и развлечений. Apple - это гарантия качества и надежности.,True,4.73,2025-08-12
266,"Huawei MatePad 12""",Планшеты,Huawei,52118.05,Большой яркий экран и быстрая работа. Huawei - это гарантия качества и надежности.,True,3.72,2025-07-11
267,"Lenovo iPad 10""",Планшеты,Lenovo,30991.95,Универсальный планшет для работы и развлечений. Lenovo - это гарантия качества и надежности.,True,4.65,2025-02-20
268,"Lenovo iPad 12""",Планшеты,Lenovo,45986.4,"Идеален для чтения, просмотра видео и игр. Lenovo - это гарантия качества и надежности.",True,4.14,2025-04-29
269,"Huawei Yoga Tab 10""",Планшеты,Huawei,14609.55,Большой яркий экран и быстрая работа. Huawei - это гарантия качества и надежности.,True,3.96,2025-05-18
270,"Samsung iPad 10""",Планшеты,Samsung,77967.1,Универсальный планшет для работы и развлечений. Samsung - это гарантия качества и надежности.,True,4.37,2025-01-23
271,"Lenovo Galaxy Tab 11""",Планшеты,Lenovo,15526.5,Универсальный планшет для работы и развлечений. Lenovo - это гарантия качества и надежности.,True,4.49,2024-12-30
272,"Huawei MatePad 12""",Планшеты,Huawei,40689.58,Универсальный планшет для работы и развлечений. Huawei - это гарантия качества и надежности.,True,3.64,2025-07-15
273,"Samsung MatePad 11""",Планшеты,Samsung,78204.66,"Идеален для чтения, просмотра видео и игр. Samsung - это гарантия качества и надежности.",True,4.51,2025-06-15
274,"Apple MatePad 11""",Планшеты,Apple,19822.14,Большой яркий экран и быстрая работа. Apple - это гарантия качества и надежности.,False,4.25,2025-07-29
275,"Samsung Yoga Tab 10""",Планшеты,Samsung,61641.87,Универсальный планшет для работы и развлечений. Samsung - это гарантия качества и надежности.,True,4.1,2025-05-06
276,"Apple Yoga Tab 12""",Планшеты,Apple,46223.75,Большой яркий экран и быстрая работа. Apple - это гарантия качества и надежности.,True,4.71,2025-08-07
277,"Huawei Yoga Tab 10""",Планшеты,Huawei,18844.64,"Идеален для чтения, просмотра видео и игр. Huawei - это гарантия качества и надежности.",True,3.93,2025-02-06
278,"Huawei MatePad 10""",Планшеты,Huawei,11537.68,Большой яркий экран и быстрая работа. Huawei - это гарантия качества и надежности.,True,4.05,2025-04-22
279,"Samsung Yoga Tab 10""",Планшеты,Samsung,50771.54,"Идеален для чтения, просмотра видео и игр. Samsung - это гарантия качества и надежности.",True,4.17,2025-07-26
280,"Apple Galaxy Tab 10""",Планшеты,Apple,23809.74,Универсальный планшет для работы и развлечений. Apple - это гарантия качества и надежности.,False,4.25,2025-05-20
281,"Apple iPad 11""",Планшеты,Apple,24305.48,"Идеален для чтения, просмотра видео и игр. Apple - это гарантия качества и надежности.",True,4.03,2025-03-02
282,"Apple Galaxy Tab 12""",Планшеты,Apple,67332.94,"Идеален для чтения, просмотра видео и игр. Apple - это гарантия качества и надежности.",True,3.77,2025-06-07
283,"Huawei MatePad 12""",Планшеты,Huawei,50934.56,"Идеален для чтения, просмотра видео и игр. Huawei - это гарантия качества и надежности.",True,3.74,2024-09-26
284,"Lenovo MatePad 12""",Планшеты,Lenovo,25180.6,Большой яркий экран и быстрая работа. Lenovo - это гарантия качества и надежности.,True,3.72,2025-04-02
285,"Lenovo Galaxy Tab 10""",Планшеты,Lenovo,55954.26,Большой яркий экран и быстрая работа. Lenovo - это гарантия качества и надежности.,True,3.73,2025-05-07
286,"Apple Galaxy Tab 12""",Планшеты,Apple,62738.77,Универсальный планшет для работы и развлечений. Apple - это гарантия качества и надежности.,True,4.76,2024-11-25
287,"Apple Yoga Tab 10""",Планшеты,Apple,42024.91,Универсальный планшет для работы и развлечений. Apple - это гарантия качества и надежности.,True,4.24,2025-04-24
288,"Samsung Galaxy Tab 10""",Планшеты,Samsung,63818.47,Универсальный планшет для работы и развлечений. Samsung - это гарантия качества и надежности.,True,4.46,2025-01-31
289,"Lenovo MatePad 12""",Планшеты,Lenovo,26528.44,Большой яркий экран и быстрая работа. Lenovo - это гарантия качества и надежности.,True,4.1,2025-03-23
290,"Huawei MatePad 12""",Планшеты,Huawei,63765.89,"Идеален для чтения, просмотра видео и игр. Huawei - это гарантия качества и надежности.",True,3.85,2024-12-28
291,"Apple Galaxy Tab 11""",Планшеты,Apple,69651.12,"Идеален для чтения, просмотра видео и игр. Apple - это гарантия качества и надежности.",False,3.96,2025-09-04
292,"Samsung Yoga Tab 11""",Планшеты,Samsung,22854.14,Универсальный планшет для работы и развлечений. Samsung - это гарантия качества и надежности.,True,4.74,2024-10-27
293,"Apple MatePad 12""",Планшеты,Apple,56873.71,Большой яркий экран и быстрая работа. Apple - это гарантия качества и надежности.,False,4.64,2025-06-22
294,"Huawei MatePad 11""",Планшеты,Huawei,36153.89,Большой яркий экран и быстрая работа. Huawei - это гарантия качества и надежности.,False,3.86,2025-06-14
295,"Apple MatePad 12""",Планшеты,Apple,16853.21,Большой яркий экран и быстрая работа. Apple - это гарантия качества и надежности.,True,4.53,2025-03-26
296,"Huawei iPad 10""",Планшеты,Huawei,43922.75,"Идеален для чтения, просмотра видео и игр. Huawei - это гарантия качества и надежности.",True,4.39,2024-12-26
297,"Huawei Galaxy Tab 11""",Планшеты,Huawei,43051.39,Универсальный планшет для работы и развлечений. Huawei - это гарантия качества и надежности.,True,3.52,2025-08-30
298,"Samsung MatePad 12""",Планшеты,Samsung,16887.38,Большой яркий экран и быстрая работа. Samsung - это гарантия качества и надежности.,True,4.06,2024-10-16
299,"Apple iPad 11""",Планшеты,Apple,17915.75,Большой яркий экран и быстрая работа. Apple - это гарантия качества и надежности.,True,4.15,2024-12-06
300,"Samsung iPad 12""",Планшеты,Samsung,27488.16,"Идеален для чтения, просмотра видео и игр. Samsung - это гарантия качества и надежности.",True,4.26,2025-08-09
301,Sennheiser WH-1000XM Pro,Наушники,Sennheiser,24185.71,Активное шумоподавление и комфортная посадка. Sennheiser - это гарантия качества и надежности.,True,4.38,2025-03-06
302,Bose FreeBuds Pro,Наушники,Bose,44758.65,Активное шумоподавление и комфортная посадка. Bose - это гарантия качества и надежности.,True,3.73,2025-02-08
303,Sennheiser Tune Max,Наушники,Sennheiser,34482.74,Беспроводные наушники с отличным звуком. Sennheiser - это гарантия качества и надежности.,True,4.04,2025-06-09
304,Sennheiser QC35 Pro,Наушники,Sennheiser,15569.37,Долгая работа от батареи и быстрая зарядка. Sennheiser - это гарантия качества и надежности.,True,3.74,2025-02-08
305,Apple WH-1000XM 4,Наушники,Apple,22653.17,Активное шумоподавление и комфортная посадка. Apple - это гарантия качества и надежности.,True,4.39,2025-03-20
306,Bose QC35 3,Наушники,Bose,23861.08,Активное шумоподавление и комфортная посадка. Bose - это гарантия качества и надежности.,True,4.69,2025-09-06
307,Bose AirPods Max,Наушники,Bose,31145.22,Активное шумоподавление и комфортная посадка. Bose - это гарантия качества и надежности.,True,4.25,2025-03-12
308,Sony Tune 4,Наушники,Sony,45095.71,Активное шумоподавление и комфортная посадка. Sony - это гарантия качества и надежности.,True,4.6,2025-07-17
309,Bose AirPods 3,Наушники,Bose,40566.57,Долгая работа от батареи и быстрая зарядка. Bose - это гарантия качества и надежности.,True,3.57,2025-08-22
310,Sennheiser AirPods 2,Наушники,Sennheiser,30122.64,Активное шумоподавление и комфортная посадка. Sennheiser - это гарантия качества и надежности.,True,4.4,2025-08-19
311,Apple Tune 4,Наушники,Apple,37228.81,Беспроводные наушники с отличным звуком. Apple - это гарантия качества и надежности.,True,4.17,2024-12-06
312,Bose WH-1000XM Max,Наушники,Bose,44857.56,Долгая работа от батареи и быстрая зарядка. Bose - это гарантия качества и надежности.,False,3.89,2025-04-13
313,Apple FreeBuds 4,Наушники,Apple,34700.96,Беспроводные наушники с отличным звуком. Apple - это гарантия качества и надежности.,True,3.7,2025-07-20
314,JBL AirPods Max,Наушники,JBL,11010.39,Активное шумоподавление и комфортная посадка. JBL - это гарантия качества и надежности.,True,4.16,2025-03-03
315,Apple AirPods 2,Наушники,Apple,20823.31,Беспроводные наушники с отличным звуком. Apple - это гарантия качества и надежности.,True,4.59,2024-12-14
316,Sennheiser Tune 3,Наушники,Sennheiser,43106.38,Долгая работа от батареи и быстрая зарядка. Sennheiser - это гарантия качества и надежности.,True,3.69,2025-09-08
317,Sony WH-1000XM Max,Наушники,Sony,9368.0,Долгая работа от батареи и быстрая зарядка. Sony - это гарантия качества и надежности.,True,3.76,2025-01-17
318,Sennheiser QC35 Pro,Наушники,Sennheiser,47995.48,Активное шумоподавление и комфортная посадка. Sennheiser - это гарантия качества и надежности.,True,3.86,2025-03-06
319,Apple FreeBuds 3,Наушники,Apple,40861.19,Беспроводные наушники с отличным звуком. Apple - это гарантия качества и надежности.,True,4.09,2024-12-05
320,Bose AirPods 4,Наушники,Bose,15835.32,Долгая работа от батареи и быстрая зарядка. Bose - это гарантия качества и надежности.,True,4.35,2025-02-04
321,Apple QC35 Max,Наушники,Apple,23927.45,Долгая работа от батареи и быстрая зарядка. Apple - это гарантия качества и надежности.,True,3.51,2025-06-30
322,Sennheiser Tune 4,Наушники,Sennheiser,11328.23,Долгая работа от батареи и быстрая зарядка. Sennheiser - это гарантия качества и надежности.,True,4.17,2025-06-22
323,Sony QC35 4,Наушники,Sony,17625.26,Долгая работа от батареи и быстрая зарядка. Sony - это гарантия качества и надежности.,False,3.68,2024-10-17
324,Sennheiser FreeBuds Pro,Наушники,Sennheiser,45891.84,Долгая работа от батареи и быстрая зарядка. Sennheiser - это гарантия качества и надежности.,True,4.75,2024-11-13
325,Sony Tune 4,Наушники,Sony,38994.5,Долгая работа от батареи и быстрая зарядка. Sony - это гарантия качества и надежности.,True,4.41,2024-11-22
326,JBL QC35 4,Наушники,JBL,31256.28,Активное шумоподавление и комфортная посадка. JBL - это гарантия качества и надежности.,True,3.54,2025-06-30
327,Sony AirPods Pro,Наушники,Sony,25472.26,Долгая работа от батареи и быстрая зарядка. Sony - это гарантия качества и надежности.,True,4.49,2025-05-21
328,Apple WH-1000XM 3,Наушники,Apple,38034.88,Активное шумоподавление и комфортная посадка. Apple - это гарантия качества и надежности.,False,3.58,2025-05-14
329,Apple AirPods Pro,Наушники,Apple,22634.89,Активное шумоподавление и комфортная посадка. Apple - это гарантия качества и надежности.,True,4.59,2025-06-22
330,Sennheiser AirPods 3,Наушники,Sennheiser,19503.82,Долгая работа от батареи и быстрая зарядка. Sennheiser - это гарантия качества и надежности.,True,3.76,2025-05-13
331,Bose FreeBuds 2,Наушники,Bose,12049.33,Долгая работа от батареи и быстрая зарядка. Bose - это гарантия качества и надежности.,True,4.56,2025-06-13
332,Apple Tune Pro,Наушники,Apple,31826.67,Долгая работа от батареи и быстрая зарядка. Apple - это гарантия качества и надежности.,True,3.54,2025-07-10
333,Apple QC35 3,Наушники,Apple,28846.46,Беспроводные наушники с отличным звуком. Apple - это гарантия качества и надежности.,True,4.39,2024-10-26
334,JBL FreeBuds Max,Наушники,JBL,41787.74,Долгая работа от батареи и быстрая зарядка. JBL - это гарантия качества и надежности.,True,4.15,2025-03-21
335,JBL Tune Max,Наушники,JBL,40278.2,Активное шумоподавление и комфортная посадка. JBL - это гарантия качества и надежности.,True,3.99,2025-08-14
336,JBL AirPods Max,Наушники,JBL,39336.98,Активное шумоподавление и комфортная посадка. JBL - это гарантия качества и надежности.,True,4.15,2025-08-24
337,JBL Tune 2,Наушники,JBL,2104.58,Активное шумоподавление и комфортная посадка. JBL - это гарантия качества и надежности.,False,3.83,2024-09-24
338,Sennheiser AirPods Max,Наушники,Sennheiser,48437.63,Беспроводные наушники с отличным звуком. Sennheiser - это гарантия качества и надежности.,True,3.81,2024-12-28
339,JBL Tune 2,Наушники,JBL,20561.76,Беспроводные наушники с отличным звуком. JBL - это гарантия качества и надежности.,True,4.66,2024-11-25
340,Bose QC35 Pro,Наушники,Bose,2581.46,Активное шумоподавление и комфортная посадка. Bose - это гарантия качества и надежности.,True,3.93,2025-08-20
341,Sony WH-1000XM 4,Наушники,Sony,41021.36,Активное шумоподавление и комфортная посадка. Sony - это гарантия качества и надежности.,False,4.36,2025-08-19
342,Sony FreeBuds Pro,Наушники,Sony,40477.44,Долгая работа от батареи и быстрая зарядка. Sony - это гарантия качества и надежности.,False,4.41,2025-09-01
343,Sennheiser AirPods 3,Наушники,Sennheiser,30309.23,Долгая работа от батареи и быстрая зарядка. Sennheiser - это гарантия качества и надежности.,False,4.65,2025-01-17
344,Sony QC35 Pro,Наушники,Sony,6099.0,Активное шумоподавление и комфортная посадка. Sony - это гарантия качества и надежности.,True,4.35,2025-02-11
345,Bose QC35 Max,Наушники,Bose,2050.72,Беспроводные наушники с отличным звуком. Bose - это гарантия качества и надежности.,True,4.52,2025-06-11
346,JBL Tune 3,Наушники,JBL,34415.12,Долгая работа от батареи и быстрая зарядка. JBL - это гарантия качества и надежности.,True,4.13,2025-03-05
347,Bose WH-1000XM 3,Наушники,Bose,35365.55,Долгая работа от батареи и быстрая зарядка. Bose - это гарантия качества и надежности.,True,4.07,2024-11-08
348,Sennheiser QC35 Max,Наушники,Sennheiser,17813.16,Беспроводные наушники с отличным звуком. Sennheiser - это гарантия качества и надежности.,True,3.62,2025-09-14
349,Sony FreeBuds 4,Наушники,Sony,28834.38,Беспроводные наушники с отличным звуком. Sony - это гарантия качества и надежности.,False,3.82,2025-08-21
350,Apple AirPods Max,Наушники,Apple,22489.24,Активное шумоподавление и комфортная посадка. Apple - это гарантия качества и надежности.,True,3.95,2024-10-19
351,Sony QC35 Max,Наушники,Sony,30700.07,Активное шумоподавление и комфортная посадка. Sony - это гарантия качества и надежности.,True,4.35,2025-08-11
352,Sennheiser Tune Max,Наушники,Sennheiser,25251.53,Долгая работа от батареи и быстрая зарядка. Sennheiser - это гарантия качества и надежности.,True,4.67,2025-05-30
353,Bose QC35 2,Наушники,Bose,39230.21,Активное шумоподавление и комфортная посадка. Bose - это гарантия качества и надежности.,False,3.82,2025-05-06
354,Sennheiser Tune 4,Наушники,Sennheiser,6114.53,Активное шумоподавление и комфортная посадка. Sennheiser - это гарантия качества и надежности.,False,4.42,2024-11-05
355,Bose QC35 Pro,Наушники,Bose,10974.19,Беспроводные наушники с отличным звуком. Bose - это гарантия качества и надежности.,True,4.18,2025-04-16
356,JBL WH-1000XM Pro,Наушники,JBL,19247.11,Беспроводные наушники с отличным звуком. JBL - это гарантия качества и надежности.,True,3.81,2025-02-06
357,Bose AirPods Pro,Наушники,Bose,25446.47,Беспроводные наушники с отличным звуком. Bose - это гарантия качества и надежности.,True,4.26,2025-04-19
358,Apple AirPods 2,Наушники,Apple,42874.14,Активное шумоподавление и комфортная посадка. Apple - это гарантия качества и надежности.,True,4.62,2025-03-07
359,Bose AirPods Max,Наушники,Bose,11080.78,Беспроводные наушники с отличным звуком. Bose - это гарантия качества и надежности.,True,4.19,2024-10-16
360,Sennheiser AirPods 4,Наушники,Sennheiser,38386.82,Беспроводные наушники с отличным звуком. Sennheiser - это гарантия качества и надежности.,False,4.48,2025-03-31
361,Sennheiser Tune Max,Наушники,Sennheiser,38105.36,Активное шумоподавление и комфортная посадка. Sennheiser - это гарантия качества и надежности.,True,4.31,2025-02-13
362,Apple AirPods 4,Наушники,Apple,20017.42,Долгая работа от батареи и быстрая зарядка. Apple - это гарантия качества и надежности.,False,3.87,2024-12-20
363,Bose FreeBuds 4,Наушники,Bose,36241.79,Долгая работа от батареи и быстрая зарядка. Bose - это гарантия качества и надежности.,True,4.75,2025-01-23
364,Sony WH-1000XM Pro,Наушники,Sony,14754.31,Долгая работа от батареи и быстрая зарядка. Sony - это гарантия качества и надежности.,False,3.61,2025-05-15
365,JBL QC35 2,Наушники,JBL,28983.05,Беспроводные наушники с отличным звуком. JBL - это гарантия качества и надежности.,True,3.97,2024-10-17
366,Sennheiser Tune Pro,Наушники,Sennheiser,7091.01,Долгая работа от батареи и быстрая зарядка. Sennheiser - это гарантия качества и надежности.,True,4.59,2025-06-20
367,Bose FreeBuds Pro,Наушники,Bose,22555.55,Активное шумоподавление и комфортная посадка. Bose - это гарантия качества и надежности.,True,3.97,2024-10-28
368,JBL WH-1000XM 3,Наушники,JBL,3870.66,Беспроводные наушники с отличным звуком. JBL - это гарантия качества и надежности.,True,4.29,2025-04-12
369,Apple FreeBuds Max,Наушники,Apple,13642.34,Активное шумоподавление и комфортная посадка. Apple - это гарантия качества и надежности.,True,4.14,2025-05-26
370,Sony WH-1000XM 4,Наушники,Sony,33142.93,Беспроводные наушники с отличным звуком. Sony - это гарантия качества и надежности.,True,3.55,2024-10-04
371,JBL FreeBuds 4,Наушники,JBL,16549.39,Долгая работа от батареи и быстрая зарядка. JBL - это гарантия качества и надежности.,True,3.58,2025-05-10
372,Sennheiser AirPods 2,Наушники,Sennheiser,27481.63,Беспроводные наушники с отличным звуком. Sennheiser - это гарантия качества и надежности.,True,3.95,2025-08-11
373,JBL FreeBuds Pro,Наушники,JBL,26040.74,Беспроводные наушники с отличным звуком. JBL - это гарантия качества и надежности.,True,4.24,2024-10-06
374,Bose AirPods 3,Наушники,Bose,43916.8,Беспроводные наушники с отличным звуком. Bose - это гарантия качества и надежности.,True,4.29,2025-03-19
375,Sennheiser FreeBuds 2,Наушники,Sennheiser,24063.57,Активное шумоподавление и комфортная посадка. Sennheiser - это гарантия качества и надежности.,True,3.71,2025-08-28
376,Sennheiser WH-1000XM 4,Наушники,Sennheiser,2251.23,Долгая работа от батареи и быстрая зарядка. Sennheiser - это гарантия качества и надежности.,True,3.91,2025-01-02
377,JBL QC35 Max,Наушники,JBL,19563.14,Долгая работа от батареи и быстрая зарядка. JBL - это гарантия качества и надежности.,True,4.44,2025-03-08
378,Apple AirPods Max,Наушники,Apple,28704.72,Долгая работа от батареи и быстрая зарядка. Apple - это гарантия качества и надежности.,True,4.45,2024-12-18
379,Apple Tune Pro,Наушники,Apple,30748.0,Долгая работа от батареи и быстрая зарядка. Apple - это гарантия качества и надежности.,True,4.07,2025-05-05
380,Sony Tune 2,Наушники,Sony,45642.41,Активное шумоподавление и комфортная посадка. Sony - это гарантия качества и надежности.,True,4.5,2025-03-18
381,Sony FreeBuds 2,Наушники,Sony,37661.23,Беспроводные наушники с отличным звуком. Sony - это гарантия качества и надежности.,True,4.08,2025-02-22
382,Sennheiser AirPods 2,Наушники,Sennheiser,28462.4,Беспроводные наушники с отличным звуком. Sennheiser - это гарантия качества и надежности.,False,4.35,2024-11-14
383,Sony FreeBuds 3,Наушники,Sony,12258.4,Беспроводные наушники с отличным звуком. Sony - это гарантия качества и надежности.,False,3.82,2025-02-23
384,JBL WH-1000XM 4,Наушники,JBL,13753.67,Активное шумоподавление и комфортная посадка. JBL - это гарантия качества и надежности.,True,3.65,2025-02-22
385,Bose Tune Max,Наушники,Bose,29224.58,Долгая работа от батареи и быстрая зарядка. Bose - это гарантия качества и надежности.,False,3.76,2025-06-19
386,Bose AirPods Max,Наушники,Bose,6918.65,Активное шумоподавление и комфортная посадка. Bose - это гарантия качества и надежности.,True,4.42,2025-01-22
387,Apple WH-1000XM Pro,Наушники,Apple,41859.07,Беспроводные наушники с отличным звуком. Apple - это гарантия качества и надежности.,True,4.79,2025-07-14
388,JBL Tune 3,Наушники,JBL,45308.76,Активное шумоподавление и комфортная посадка. JBL - это гарантия качества и надежности.,True,4.41,2025-05-19
389,Sennheiser AirPods 2,Наушники,Sennheiser,44973.89,Активное шумоподавление и комфортная посадка. Sennheiser - это гарантия качества и надежности.,True,4.3,2025-08-27
390,Apple QC35 3,Наушники,Apple,45623.04,Долгая работа от батареи и быстрая зарядка. Apple - это гарантия качества и надежности.,True,4.59,2025-04-24
391,Amazfit Galaxy Watch Pro,Умные часы,Amazfit,44803.91,Водонепроницаемость и стильный дизайн. Amazfit - это гарантия качества и надежности.,False,4.72,2025-08-08
392,Samsung Watch Active,Умные часы,Samsung,42064.89,Отслеживание активности и уведомления. Samsung - это гарантия качества и надежности.,True,4.07,2025-01-02
393,Huawei Watch Pro,Умные часы,Huawei,21354.17,Отслеживание активности и уведомления. Huawei - это гарантия качества и надежности.,True,4.17,2024-12-25
394,Amazfit Watch GT Active,Умные часы,Amazfit,26123.73,Умные часы с множеством функций для здоровья и фитнеса. Amazfit - это гарантия качества и надежности.,False,3.55,2025-06-04
395,Amazfit Watch GT Active,Умные часы,Amazfit,10470.66,Отслеживание активности и уведомления. Amazfit - это гарантия качества и надежности.,True,3.87,2025-01-13
396,Amazfit Galaxy Watch Pro,Умные часы,Amazfit,20866.34,Отслеживание активности и уведомления. Amazfit - это гарантия качества и надежности.,False,4.48,2025-05-24
397,Huawei Galaxy Watch Series,Умные часы,Huawei,16376.37,Водонепроницаемость и стильный дизайн. Huawei - это гарантия качества и надежности.,True,3.54,2025-08-30
398,Samsung Watch Classic,Умные часы,Samsung,50787.75,Умные часы с множеством функций для здоровья и фитнеса. Samsung - это гарантия качества и надежности.,True,3.87,2024-12-01
399,Amazfit Amazfit Pro,Умные часы,Amazfit,50707.08,Отслеживание активности и уведомления. Amazfit - это гарантия качества и надежности.,False,4.43,2025-07-20
400,Amazfit Amazfit Classic,Умные часы,Amazfit,19468.11,Умные часы с множеством функций для здоровья и фитнеса. Amazfit - это гарантия качества и надежности.,False,4.45,2025-07-22
401,Huawei Watch Pro,Умные часы,Huawei,45004.89,Отслеживание активности и уведомления. Huawei - это гарантия качества и надежности.,True,3.94,2025-01-30
402,Apple Watch GT Series,Умные часы,Apple,28835.77,Водонепроницаемость и стильный дизайн. Apple - это гарантия качества и надежности.,True,3.91,2024-12-08
403,Apple Watch Pro,Умные часы,Apple,12528.11,Отслеживание активности и уведомления. Apple - это гарантия качества и надежности.,False,3.79,2025-06-11
404,Huawei Amazfit Pro,Умные часы,Huawei,31647.89,Умные часы с множеством функций для здоровья и фитнеса. Huawei - это гарантия качества и надежности.,True,3.87,2025-06-10
405,Apple Galaxy Watch Series,Умные часы,Apple,28887.53,Отслеживание активности и уведомления. Apple - это гарантия качества и надежности.,True,3.77,2025-06-20
406,Apple Amazfit Active,Умные часы,Apple,38735.8,Водонепроницаемость и стильный дизайн. Apple - это гарантия качества и надежности.,True,4.33,2025-01-15
407,Samsung Watch GT Pro,Умные часы,Samsung,53127.15,Водонепроницаемость и стильный дизайн. Samsung - это гарантия качества и надежности.,True,4.54,2025-03-03
408,Huawei Amazfit Active,Умные часы,Huawei,10309.33,Умные часы с множеством функций для здоровья и фитнеса. Huawei - это гарантия качества и надежности.,False,4.67,2025-04-25
409,Amazfit Amazfit Active,Умные часы,Amazfit,18606.79,Отслеживание активности и уведомления. Amazfit - это гарантия качества и надежности.,True,4.1,2025-04-09
410,Apple Watch GT Classic,Умные часы,Apple,43765.03,Отслеживание активности и уведомления. Apple - это гарантия качества и надежности.,True,4.62,2024-11-16
411,Amazfit Galaxy Watch Series,Умные часы,Amazfit,21001.16,Водонепроницаемость и стильный дизайн. Amazfit - это гарантия качества и надежности.,True,4.61,2025-02-22
412,Apple Watch GT Active,Умные часы,Apple,42124.4,Отслеживание активности и уведомления. Apple - это гарантия качества и надежности.,True,4.07,2025-02-27
413,Huawei Watch Active,Умные часы,Huawei,31702.8,Умные часы с множеством функций для здоровья и фитнеса. Huawei - это гарантия качества и надежности.,True,4.56,2025-04-15
414,Amazfit Amazfit Pro,Умные часы,Amazfit,36487.81,Умные часы с множеством функций для здоровья и фитнеса. Amazfit - это гарантия качества и надежности.,True,4.51,2025-07-25
415,Huawei Galaxy Watch Series,Умные часы,Huawei,57265.32,Умные часы с множеством функций для здоровья и фитнеса. Huawei - это гарантия качества и надежности.,True,3.62,2024-09-24
416,Huawei Watch GT Series,Умные часы,Huawei,41021.24,Водонепроницаемость и стильный дизайн. Huawei - это гарантия качества и надежности.,True,4.2,2025-07-01
417,Amazfit Galaxy Watch Active,Умные часы,Amazfit,49070.7,Отслеживание активности и уведомления. Amazfit - это гарантия качества и надежности.,True,3.78,2025-05-15
418,Apple Watch Series,Умные часы,Apple,46531.7,Водонепроницаемость и стильный дизайн. Apple - это гарантия качества и надежности.,True,4.02,2025-01-14
419,Apple Galaxy Watch Active,Умные часы,Apple,21580.65,Умные часы с множеством функций для здоровья и фитнеса. Apple - это гарантия качества и надежности.,True,4.39,2025-09-02
420,Huawei Watch Classic,Умные часы,Huawei,41040.18,Умные часы с множеством функций для здоровья и фитнеса. Huawei - это гарантия качества и надежности.,True,4.64,2025-08-07
421,Apple Watch Classic,Умные часы,Apple,6108.48,Водонепроницаемость и стильный дизайн. Apple - это гарантия качества и надежности.,True,4.29,2025-07-04
422,Apple Amazfit Pro,Умные часы,Apple,50730.94,Отслеживание активности и уведомления. Apple - это гарантия качества и надежности.,True,4.05,2025-09-08
423,Huawei Watch GT Classic,Умные часы,Huawei,16146.67,Отслеживание активности и уведомления. Huawei - это гарантия качества и надежности.,False,4.25,2025-03-11
424,Huawei Amazfit Series,Умные часы,Huawei,17223.91,Отслеживание активности и уведомления. Huawei - это гарантия качества и надежности.,True,4.13,2024-09-25
425,Samsung Amazfit Series,Умные часы,Samsung,59623.47,Водонепроницаемость и стильный дизайн. Samsung - это гарантия качества и надежности.,True,3.98,2024-12-14
426,Apple Amazfit Pro,Умные часы,Apple,36783.37,Умные часы с множеством функций для здоровья и фитнеса. Apple - это гарантия качества и надежности.,True,3.8,2025-03-14
427,Amazfit Watch Active,Умные часы,Amazfit,23283.95,Водонепроницаемость и стильный дизайн. Amazfit - это гарантия качества и надежности.,False,3.62,2025-06-25
428,Samsung Amazfit Pro,Умные часы,Samsung,9613.88,Отслеживание активности и уведомления. Samsung - это гарантия качества и надежности.,True,4.12,2024-12-03
429,Samsung Watch Classic,Умные часы,Samsung,18861.31,Отслеживание активности и уведомления. Samsung - это гарантия качества и надежности.,True,4.58,2025-09-01
430,Huawei Amazfit Series,Умные часы,Huawei,19747.97,Умные часы с множеством функций для здоровья и фитнеса. Huawei - это гарантия качества и надежности.,True,4.53,2024-12-14
431,Amazfit Watch GT Pro,Умные часы,Amazfit,22701.09,Водонепроницаемость и стильный дизайн. Amazfit - это гарантия качества и надежности.,True,4.22,2025-08-09
432,Apple Amazfit Series,Умные часы,Apple,25662.73,Умные часы с множеством функций для здоровья и фитнеса. Apple - это гарантия качества и надежности.,True,4.47,2025-06-26
433,Samsung Amazfit Series,Умные часы,Samsung,7148.41,Отслеживание активности и уведомления. Samsung - это гарантия качества и надежности.,True,4.31,2024-12-25
434,Amazfit Galaxy Watch Classic,Умные часы,Amazfit,26967.31,Отслеживание активности и уведомления. Amazfit - это гарантия качества и надежности.,True,4.79,2024-10-08
435,Huawei Watch GT Active,Умные часы,Huawei,36009.57,Умные часы с множеством функций для здоровья и фитнеса. Huawei - это гарантия качества и надежности.,True,4.18,2025-06-07
436,Huawei Watch GT Classic,Умные часы,Huawei,30458.41,Отслеживание активности и уведомления. Huawei - это гарантия качества и надежности.,False,4.44,2025-07-12
437,Samsung Amazfit Series,Умные часы,Samsung,22472.84,Умные часы с множеством функций для здоровья и фитнеса. Samsung - это гарантия качества и надежности.,True,3.59,2025-09-17
438,Huawei Galaxy Watch Pro,Умные часы,Huawei,43172.48,Водонепроницаемость и стильный дизайн. Huawei - это гарантия качества и надежности.,True,3.62,2024-11-04
439,Amazfit Galaxy Watch Series,Умные часы,Amazfit,24274.9,Водонепроницаемость и стильный дизайн. Amazfit - это гарантия качества и надежности.,False,3.95,2025-09-12
440,Samsung Watch GT Active,Умные часы,Samsung,50141.49,Отслеживание активности и уведомления. Samsung - это гарантия качества и надежности.,True,3.9,2024-11-04
441,Amazfit Watch GT Pro,Умные часы,Amazfit,9261.19,Умные часы с множеством функций для здоровья и фитнеса. Amazfit - это гарантия качества и надежности.,True,3.78,2025-06-20
442,Huawei Watch Pro,Умные часы,Huawei,48828.65,Водонепроницаемость и стильный дизайн. Huawei - это гарантия качества и надежности.,True,4.0,2024-11-29
443,Huawei Amazfit Pro,Умные часы,Huawei,14245.47,Умные часы с множеством функций для здоровья и фитнеса. Huawei - это гарантия качества и надежности.,False,3.62,2024-11-09
444,Samsung Galaxy Watch Pro,Умные часы,Samsung,31150.52,Умные часы с множеством функций для здоровья и фитнеса. Samsung - это гарантия качества и надежности.,True,4.66,2025-08-24
445,Samsung Amazfit Classic,Умные часы,Samsung,41566.32,Отслеживание активности и уведомления. Samsung - это гарантия качества и надежности.,True,4.49,2025-05-19
446,Amazfit Amazfit Classic,Умные часы,Amazfit,43843.45,Отслеживание активности и уведомления. Amazfit - это гарантия качества и надежности.,True,4.18,2024-12-22
447,Apple Galaxy Watch Pro,Умные часы,Apple,57001.95,Отслеживание активности и уведомления. Apple - это гарантия качества и надежности.,True,4.59,2024-12-07
448,Amazfit Amazfit Active,Умные часы,Amazfit,42695.22,Водонепроницаемость и стильный дизайн. Amazfit - это гарантия качества и надежности.,False,4.35,2025-06-20
449,Apple Watch GT Classic,Умные часы,Apple,47390.96,Отслеживание активности и уведомления. Apple - это гарантия качества и надежности.,True,3.78,2024-12-07
450,Samsung Amazfit Active,Умные часы,Samsung,14845.31,Водонепроницаемость и стильный дизайн. Samsung - это гарантия качества и надежности.,False,3.75,2025-03-19
451,Nikon EOS A9,Фототехника,Nikon,75870.33,Профессиональная камера для качественной съемки. Nikon - это гарантия качества и надежности.,False,4.69,2025-01-05
452,Canon Alpha R5,Фототехника,Canon,136499.26,Подходит для любителей и профессионалов. Canon - это гарантия качества и надежности.,True,3.56,2024-09-28
453,Sony Alpha X-T4,Фототехника,Sony,30300.86,Подходит для любителей и профессионалов. Sony - это гарантия качества и надежности.,True,4.62,2025-01-21
454,Fujifilm X-T R6,Фототехника,Fujifilm,105220.71,Подходит для любителей и профессионалов. Fujifilm - это гарантия качества и надежности.,True,4.55,2025-08-31
455,Sony EOS A9,Фототехника,Sony,180967.72,Профессиональная камера для качественной съемки. Sony - это гарантия качества и надежности.,True,3.73,2025-07-14
456,Canon X-T R5,Фототехника,Canon,30088.64,Подходит для любителей и профессионалов. Canon - это гарантия качества и надежности.,True,3.91,2024-12-15
457,Sony D X-T4,Фототехника,Sony,130520.68,Профессиональная камера для качественной съемки. Sony - это гарантия качества и надежности.,True,4.37,2025-04-10
458,Nikon Alpha A9,Фототехника,Nikon,22550.82,Подходит для любителей и профессионалов. Nikon - это гарантия качества и надежности.,True,4.59,2024-10-12
459,Canon EOS R6,Фототехника,Canon,168508.56,Подходит для любителей и профессионалов. Canon - это гарантия качества и надежности.,True,3.85,2025-06-23
460,Fujifilm EOS 850D,Фототехника,Fujifilm,129535.22,Подходит для любителей и профессионалов. Fujifilm - это гарантия качества и надежности.,True,3.72,2025-09-18
461,Sony Alpha A9,Фототехника,Sony,83123.26,Отличное качество изображения и надежность. Sony - это гарантия качества и надежности.,True,4.59,2025-08-06
462,Fujifilm EOS R5,Фототехника,Fujifilm,185242.0,Профессиональная камера для качественной съемки. Fujifilm - это гарантия качества и надежности.,True,3.74,2024-11-21
463,Canon D R5,Фототехника,Canon,59154.65,Отличное качество изображения и надежность. Canon - это гарантия качества и надежности.,True,4.64,2025-05-16
464,Sony D X-T4,Фототехника,Sony,156049.86,Профессиональная камера для качественной съемки. Sony - это гарантия качества и надежности.,True,3.99,2025-04-26
465,Nikon Alpha R6,Фототехника,Nikon,121707.19,Отличное качество изображения и надежность. Nikon - это гарантия качества и надежности.,True,3.74,2025-06-09
466,Nikon Alpha 850D,Фототехника,Nikon,145560.47,Отличное качество изображения и надежность. Nikon - это гарантия качества и надежности.,True,3.96,2025-03-17
467,Sony X-T X-T4,Фототехника,Sony,143667.18,Профессиональная камера для качественной съемки. Sony - это гарантия качества и надежности.,True,4.59,2025-03-06
468,Nikon D X-T4,Фототехника,Nikon,98093.61,Подходит для любителей и профессионалов. Nikon - это гарантия качества и надежности.,True,4.54,2025-06-05
469,Sony Alpha R5,Фототехника,Sony,112389.04,Профессиональная камера для качественной съемки. Sony - это гарантия качества и надежности.,True,4.11,2025-09-03
470,Canon D A7,Фототехника,Canon,45166.75,Подходит для любителей и профессионалов. Canon - это гарантия качества и надежности.,True,4.23,2024-10-17
471,Canon Alpha X-T4,Фототехника,Canon,38830.33,Отличное качество изображения и надежность. Canon - это гарантия качества и надежности.,False,3.51,2025-02-16
472,Fujifilm Alpha 850D,Фототехника,Fujifilm,136618.64,Профессиональная камера для качественной съемки. Fujifilm - это гарантия качества и надежности.,True,3.97,2025-06-28
473,Fujifilm D R5,Фототехника,Fujifilm,99021.57,Подходит для любителей и профессионалов. Fujifilm - это гарантия качества и надежности.,True,4.25,2025-02-09
474,Fujifilm X-T R6,Фототехника,Fujifilm,65463.46,Отличное качество изображения и надежность. Fujifilm - это гарантия качества и надежности.,True,4.13,2025-02-26
475,Sony EOS R6,Фототехника,Sony,157371.14,Подходит для любителей и профессионалов. Sony - это гарантия качества и надежности.,True,4.05,2025-05-05
476,Fujifilm EOS R6,Фототехника,Fujifilm,112196.78,Отличное качество изображения и надежность. Fujifilm - это гарантия качества и надежности.,False,4.75,2024-12-25
477,Nikon D R6,Фототехника,Nikon,139413.16,Профессиональная камера для качественной съемки. Nikon - это гарантия качества и надежности.,False,3.9,2025-07-09
478,Sony X-T A7,Фототехника,Sony,49761.57,Профессиональная камера для качественной съемки. Sony - это гарантия качества и надежности.,True,3.76,2025-06-23
479,Sony Alpha R5,Фототехника,Sony,53226.86,Профессиональная камера для качественной съемки. Sony - это гарантия качества и надежности.,True,4.44,2025-07-03
480,Sony EOS A7,Фототехника,Sony,48679.36,Профессиональная камера для качественной съемки. Sony - это гарантия качества и надежности.,True,4.39,2024-09-27
481,Nikon X-T X-T4,Фототехника,Nikon,87732.48,Отличное качество изображения и надежность. Nikon - это гарантия качества и надежности.,True,4.49,2025-08-01
482,Fujifilm D 850D,Фототехника,Fujifilm,157347.97,Профессиональная камера для качественной съемки. Fujifilm - это гарантия качества и надежности.,True,3.93,2025-04-28
483,Fujifilm X-T A9,Фототехника,Fujifilm,32898.22,Отличное качество изображения и надежность. Fujifilm - это гарантия качества и надежности.,True,4.76,2025-09-06
484,Nikon D R6,Фототехника,Nikon,86443.86,Отличное качество изображения и надежность. Nikon - это гарантия качества и надежности.,True,3.5,2024-11-17
485,Fujifilm EOS X-T4,Фототехника,Fujifilm,61413.23,Отличное качество изображения и надежность. Fujifilm - это гарантия качества и надежности.,True,3.77,2025-02-09
486,Canon Alpha A7,Фототехника,Canon,137728.09,Отличное качество изображения и надежность. Canon - это гарантия качества и надежности.,True,3.9,2024-10-09
487,Fujifilm EOS 850D,Фототехника,Fujifilm,192532.29,Отличное качество изображения и надежность. Fujifilm - это гарантия качества и надежности.,True,4.02,2024-12-29
488,Canon X-T R5,Фототехника,Canon,82331.64,Подходит для любителей и профессионалов. Canon - это гарантия качества и надежности.,True,4.62,2025-09-13
489,Nikon Alpha R6,Фототехника,Nikon,123442.8,Отличное качество изображения и надежность. Nikon - это гарантия качества и надежности.,True,3.52,2024-10-20
490,Fujifilm X-T R5,Фототехника,Fujifilm,74531.81,Отличное качество изображения и надежность. Fujifilm - это гарантия качества и надежности.,True,3.65,2025-02-01
491,Sony X-T X-T4,Фототехника,Sony,80311.43,Подходит для любителей и профессионалов. Sony - это гарантия качества и надежности.,False,3.65,2025-06-20
492,Fujifilm X-T X-T4,Фототехника,Fujifilm,34401.64,Профессиональная камера для качественной съемки. Fujifilm - это гарантия качества и надежности.,True,4.71,2024-11-21
493,Sony D A9,Фототехника,Sony,166310.32,Подходит для любителей и профессионалов. Sony - это гарантия качества и надежности.,False,4.07,2025-01-25
494,Sony EOS R5,Фототехника,Sony,176221.41,Отличное качество изображения и надежность. Sony - это гарантия качества и надежности.,True,4.66,2024-10-03
495,Sony Alpha A7,Фототехника,Sony,80743.11,Отличное качество изображения и надежность. Sony - это гарантия качества и надежности.,True,3.53,2025-05-06
496,Nikon Alpha 850D,Фототехника,Nikon,95070.84,Отличное качество изображения и надежность. Nikon - это гарантия качества и надежности.,True,4.33,2024-11-18
497,Canon Alpha X-T4,Фототехника,Canon,26590.22,Подходит для любителей и профессионалов. Canon - это гарантия качества и надежности.,True,3.73,2024-12-20
498,Canon D X-T4,Фототехника,Canon,46035.98,Отличное качество изображения и надежность. Canon - это гарантия качества и надежности.,True,3.86,2025-01-28
499,Nikon X-T R5,Фототехника,Nikon,33776.51,Отличное качество изображения и надежность. Nikon - это гарантия качества и надежности.,True,4.29,2024-10-28
500,Canon X-T A9,Фототехника,Canon,196447.97,Профессиональная камера для качественной съемки. Canon - это гарантия качества и надежности.,True,4.33,2025-04-18
